filename,raw_url,yahoo_image_url,title
プログラミング_1,https://jp.techcrunch.com/2016/05/17/20160510please-dont-learn-to-code/,https://msp.c.yimg.jp/images/v2/FUTi93tXq405grZVGgDqG-x3UWkFDroz0UpaunW0rBkaOyuGFongc8Hm7mQ6ljIyuVv03SPQEpgWLg4LRwZmZ_F0uDDn0H7xRzsi40Kp-XMzl7zcazY8rQby-d2wRuq_c7HriJ5zAslkK1v5R-XA0IVsWppXN31FUKYPTlY68-0UMdFe7X7o07KLkKqviYPiGk7Z1olRbzJnj0EY3vHGYwLi70TdmTT8MesOQL7CwlJz_zlAf8O0TjCjMQqOj1a0xjUDzn4ZsR3axMvStepzGRdQW70PhrMYoIB2LHCKTd4=/codecode1.jpg,頼むからプログラミングを学ばないでくれ | TechCrunch Japan
プログラミング_2,https://techme.jp/,https://msp.c.yimg.jp/images/v2/FUTi93tXq405grZVGgDqG2_6YkkJtSmf8Rzy525TqG1f1AOZJYyYoK2rEYlNWWG-L0k_DcYIQpge4kvXkBF2Yysx_7GXPSNWzzKLmRECKhau29AZ03Swm8z4wLRNpxe4DZhyb9nH9M4Fkte9iWk5hX6t2ZL4kOR3t36OnM_zc13juijgK20Pc7O0iCMavlwQBd6UIXjQ4lRIi5biXkKZYdd9dffnpGXuctEwqAo961hEwX79rkbXDg96nJj5Trxa9YDOB6c2a-Hqv-4fKc71sg==/pixta_29780628_L202.jpg,プログラミングのスポット相談|TechMe
プログラミング_3,https://blog.codecamp.jp/programming-what-can-do-1,https://msp.c.yimg.jp/images/v2/FUTi93tXq405grZVGgDqG2ZbYGCyLpR5USnqNmgnrubG2eS9ra12f_cClqxFaU7sMNf8ORNy0u0XHjK8-zSTk50_d6y5K5nCwBm5-1CFSJmGOi3R6volOVFylnaETIiN_KhKsVQU9zR9NZuf2hlBrirmwXrnOxBG_hQrReyZ_DI_LrTQA1o5n1mjGubprYG83icKRJMt-HQF3fLBB_178risfDJUUVg8VJceNXL4KfgyZnNEdiOtYSGUogUc1FfvMro5GnM9_s4WkPjSf8zf7MtHIBNcBJSWnjXMENmNoOQkcMsNyvB9LfqBNHDOXQb3i7Gb8GK0H-7LcqxYnEjPFDZJS5QIWkXyzqk4fb7rWwd3gmn_TfS-X6OvIz91A1LEjPT6R0qFMrW8bMELt_zBQA==/4eac2affcfca8d6942917d12fcdf6f8341498d51.34510.desktop.jpg,プログラミング一体何ができるのか？学習する前に確認をしておこう ...
プログラミング_4,https://mynavi-agent.jp/it/geekroid/2019/05/post-81.html,https://msp.c.yimg.jp/images/v2/FUTi93tXq405grZVGgDqG_rdOcSlY78Wd8cjQVKW-InzwGaHLyYGly75BDe-ifWpLsy3J1AOT7WxSGcV5O4s6FmaZh0NmLOBpS3U_GUmUdiu29AZ03Swm8z4wLRNpxe4DZhyb9nH9M4Fkte9iWk5hX6t2ZL4kOR3t36OnM_zc13ZCldzNbqbhDq8v-Z5cabid0EqHInEoDEOaw8hXgRet6zWF9oFVgHb6eezPWvLqOwQmAMZ9N0Y01e0ksBMKQqPFNBBvNDSnhxpaTJpIQuj3g==/post81_mainv.jpg,子どもから大人まで！プログラミング学習ゲームで楽しく学ぶ ｜ Geekroid
プログラミング_5,https://startupcafe-ku.osaka/journal/column/2146/,https://msp.c.yimg.jp/images/v2/FUTi93tXq405grZVGgDqG8CuYLcN3JR4QlOXvPX1M4wPacb4VJfGsaclNhOdXtxNy4iZTldufLUyozbcCsSNUXUJBRM38RmxvkjS6CcQwYo8cNqOfIha6GvHaWkRMLG4ZeTOrB3z30hZWvUR5V8g70UvaIFq8rqx8tixUN4U3PyVmVndCl4wdjiK1L0oRgfrzyUFX3tJ_2FbORSufDRAFqFwLUoBlfpck-lOmldj_8YM_QD1P-o7YPgFUjfn8uOx2fn62KOG9FjXye8Hh0-JxiiVa1SNzepPeRw6UN5yHcex_L1j6sCFvO1gzH3JAxto-W6koB332LDAaVcLl8VibRTQQbzQ0p4caWkyaSELo94=/florian-olivo-4hbJ-eymZ1o-unsplash-1200-1024x683.jpg,わかりやすく解説！プログラミング言語の違い | スタートアップカフェ大阪
プログラミング_6,https://blog.geek-salon.com/articles/95,https://msp.c.yimg.jp/images/v2/FUTi93tXq405grZVGgDqG1-oG8AXzEB8Ril8KYIA1QUMMwLG2bL0DIm8EP1iCM-f0WlTArQuOCrFD3SiIl19yL6FE7oyND3KtV0GU1mzDy-txxL6kk13SQtpcPjzykZRtBii83QuRJHpJYGQnKx8q5U5bhe5YISz8PO3ymyh9IKbKItsh8IlVnNcnstWUFHyo8LKF6AjTRFPEJVogbdhDv4mxuUZYmlqg83lCUvBzGt3ZThxQVSSX3ufNQ7XrTK6P9BRdGb6MY4vF0HYTZemqgiCpmGj_CkWGGctW8VRpW3OHA8GqjDPW3nIOZo53l8dUTZD8Yw2HrOzpTSVJD7raIT3hETITlYDQh4tsELctRc=/pro_beginner_first_top.jpeg20190422-9141-15kde8y,大学生からのプログラミング入門者にオススメの勉強方法と ...
プログラミング_7,https://www.creativevillage.ne.jp/54319,https://msp.c.yimg.jp/images/v2/FUTi93tXq405grZVGgDqGxvixyrB8JWu9LjYP7UFcqxZGfNl2ZLJyaSejIYf5fIMy4iZTldufLUyozbcCsSNUcxLxSjXWwJ82-COBUXMw_dGsglIkgMKcVuITS9mA5-hIIH4Xk91Wb0EF1JUqe16JxVvKgoPSXHBAwJFu6oE2sqAIDhEZqJ3eK3HvI6UaYUpq5YPwmbrftXkcMePaRU3-ZXt_UIxkQiEAOi129vpfHfFFgL17g1D1JxR0ANtojCGvkRaIjRC1c6icpf-HEelG4GImbqkwDteOe2f-zvBe0E=/eyecatch1.jpg,ゲームプログラミング】おすすめの言語と勉強方法│ゲーム開発を仕事に ...
プログラミング_8,https://www.whitebox.vision/%E3%83%97%E3%83%AD%E3%82%B0%E3%83%A9%E3%83%9F%E3%83%B3%E3%82%B0%E5%85%A5%E9%96%80%E8%80%85%E3%81%AF%E4%BA%8C%E5%BA%A6%E6%AD%BB%E3%81%AC/,https://msp.c.yimg.jp/images/v2/FUTi93tXq405grZVGgDqG6t74THY_4ufB2lmXGrHfQ-xMwFiD4nFSIwgb1jsY1xS9RxveRTCQBWTnue0EbUy-DNvjAxkTiTXVh3qsveve_mlHLZV2ATyTTMoIllkqgzv8XpJFUiwn81vFiIu__54yf6M7eI3jAu3IdgPEpqqAGJOK6tGtIxl7D3ECeIUpqCfezd1rIcgSGdlK6Pl-2xm23EuPkwFcC2r_2Gtn_lsKM2mPXQlb0ZmJ2RhixDX6jrEmJ8yyenh3U3q2eE1Yt2IRnZITNIV6iKxHrsACqAWSKY=/3145985_s-1.jpg,プログラミング入門者は二度死ぬ – ０円で使えるSES・受託向け ...
プログラミング_9,https://www.itra.co.jp/webmedia/programming_language_ranking.html,https://msp.c.yimg.jp/images/v2/FUTi93tXq405grZVGgDqG0kL9V0NcL1kOovw6g_K9SB6wAO9wgLzKmTQtnIiSSS3ZFbH1tPSx0wE0g6BBpyyQMXc2ZrquDZiFJCwYKkfEmEX8AX3qh-9DSXgfibyHETgrtvQGdN0sJvM-MC0TacXuA2Ycm_Zx_TOBZLXvYlpOYV-rdmS-JDkd7d-jpzP83Nd7gzqkB710AsYpwYApkhl2uYY5M_6s85WZfaxOlnDdxMaxKdcj9HqlecdUbkP2L1X-htUHI_Y2tpHZpv5VDDKOPWAzgenNmvh6r_uHynO9bI=/20200811123016.jpeg,2020年】プログラミング言語ランキング！日本と世界で人気な言語を紹介 ...
プログラミング_10,https://litpla.com/news/20200330_academia_online/,https://msp.c.yimg.jp/images/v2/FUTi93tXq405grZVGgDqG50rshEI9Tc6AIUebgWU7voQiiVXvDtfRLGDrYGK6Wfc94hZknidq5cWCfaDwhpZkGq9vHwQiAWnJYPaSDrt3SHdrxaNdgMsEZe9JJy6Tl_DrtvQGdN0sJvM-MC0TacXuA2Ycm_Zx_TOBZLXvYlpOYV-rdmS-JDkd7d-jpzP83NdcSDqPgizrelcJwXRUJjhwUXn3oJlByXUnAeZw2msqBwQbNOqZdJFLY3qbjPNrRR_ud-d-tqME3b8bXTxi-K58PWAzgenNmvh6r_uHynO9bI=/academiaOL_img.jpg,自宅で手軽にプログラミング体験！「Scratch」を使ったゲーム ...
プログラミング_11,https://coeteco.jp/articles/10325,https://msp.c.yimg.jp/images/v2/FUTi93tXq405grZVGgDqG5Dgw02U19OMFO0bgyxeMMCp0KvmwLSdrqV9H81RLrskTk8tg8QHexE7_Lh9dzjyH63K_4dj1jH4cAlndAqbq_66DCNx674r7b2y1BUKGXLvvw03SvpnvoDA6Ai85eWiMJ9koMAuE59VvHI6jQZ7OYWtWoUV5mLpADF-KYVe6C1IzpG4g9Fb84kfHc39GfQ2SJSdXIBfWmv8ffi4EKtNiJ63hmFgmdM4Vf7oYNeIP3L2o8LKF6AjTRFPEJVogbdhDv4mxuUZYmlqg83lCUvBzGt3ZThxQVSSX3ufNQ7XrTK6P9BRdGb6MY4vF0HYTZemqtvv1IVk_Sdv9kY0s8-wwQFwC10LNFtT-hFmOKTuDDKbrRpgxaPjdvnEIeSW5Y_IPcbO3CZQ7IY7W33sPjYUoW8=/a71532995ad7d8636c0dd352d7a9bf7a720c315f3f34e1af0ad8ac2fd8fb,プログラミングとは？知っておきたいIT用語をやさしく解説 | コエテコ ...
プログラミング_12,https://toyokeizai.net/articles/-/150488,https://msp.c.yimg.jp/images/v2/FUTi93tXq405grZVGgDqGzgbrsxmpZmVZTCEdr91bvEoDpVkjAdROTz4u5--6PLQ00ebCAw1_SB0VLxD7p5iAGfiL9omoN579UdEM8Q-eTB_vozyD-IcRtXM3ppUiWbr8KaFFVQLGjSsYAw9dmq3JCwBw-SQo6YlDkzg7nnPxwFKs4hvviELvfkA9NDByHnvucgZe8vldveQF3fTpm0k3wh0-Dzj0s7ml8yFEGE199I05JEdlIPxFX2U_COyTuuwkR6l5QUAT92ROe8WwsIbn-XdCeb4JMqaNcgYy2nW3ZOcAbp1YP_r3PFY4UIn6R4z/img_ba408321b68a93a9fb0115c10bbdce69472638.jpg,文系にプログラミングが必要な本質的な理由 | リーダーシップ・教養 ...
プログラミング_13,https://www.amazon.co.jp/%E5%B0%8F%E5%AD%A6%E7%94%9F%E3%81%A7%E3%82%82%E3%82%8F%E3%81%8B%E3%82%8B-%E3%83%97%E3%83%AD%E3%82%B0%E3%83%A9%E3%83%9F%E3%83%B3%E3%82%B0%E3%81%AE%E4%B8%96%E7%95%8C-%E6%9E%97-%E6%99%83/dp/4863542070,https://msp.c.yimg.jp/images/v2/FUTi93tXq405grZVGgDqG1CROubRnqp0a8lc9vDDS-lAY7AB0-ZjPxi7Xye_xu0wm9U4TgWke3wHS2oRWPNFsr53SYOk9njBpVO4Nlc2X3HszzCbZENTza-YgU3U-_hFhWxamlc3fUVQpg9OVjrz7RQx0V7tfujTsouQqq-Jg-IaTtnWiVFvMmePQRje8cZjJatXRkiPWIU8olgJEvdJMFo_QQzhKRyo1ohfBJ-qnCirWDGfvxocT7mt-o-m8Hqo1VbcmLJKaxtW57PN7kzL7YNk1FqJ9eE0Kz8G6BZUDmg=/81ba9gg0wqL.jpg,小学生でもわかる プログラミングの世界 | 林 晃 |本 | 通販 | Amazon
プログラミング_14,https://codeofgenius.net/magazine/column/programming/1466,https://msp.c.yimg.jp/images/v2/FUTi93tXq405grZVGgDqG7Bt4xaaBPyYFgO5ND19km1kQcQyszvdGcLU1XqV0ALr55cfN5Tpx2iVWnDG1DKxZLX0-D8XEGDQ907icItiIXLBMoPYG-HUNRZF1x8CDzGsy-Ij8CrYkQpp5pB2_lheaIH_QYZecdTV2ByUR4HWSc58sZv5YCy3kfPXOGaVQYTdILhQ9SpoklRX7Grxw_VT9prWmfxUY5dh3F7QzKqRx3PTnMAa0is6xvlrBBgSISJyRsjTsQpJkv8mD4kOnUhnlQ==/camp03.jpg,中学生必見！中学生におすすめのプログラミング言語3選 | コードオブ ...
プログラミング_15,https://japan.cnet.com/article/35155952/,https://msp.c.yimg.jp/images/v2/FUTi93tXq405grZVGgDqG8MoPWA5tjyPJPWj2zI-U0UgBwfSazpTBHSh8-OleFercoMZuksHjBj3divwfIt1MVqJ9CwMXFicpGpDDk9_ZgGSt4dv-uSL-tXGcLLgTmG-Vs7js23RmWbdgLYFHNYp1tsIfVIwGTUlPFoJkToDy4eMEFK9rj0Y7LLyCqdJczYeXGj0Z3M2WZIW-mJveG3_f1YGFhH6RqTC_q1eFRk5JI0vr_6r-P8iXrCWNWBivuit3w5ev-dtulySuE2_XOni_7eyDlfTRHMBdwjgjc0y2OJ1SCbHN38J7mbcN7W_qfu0sxV52FWhglpoKtQbABjW7g==/20200628_puyppla_01.jpg,ゲーム「ぷよぷよ」のソースコードを活用したプログラミング学習教材 ...
プログラミング_16,https://www.internetacademy.jp/it/programming/programming-basic/programming_beginner.html,https://msp.c.yimg.jp/images/v2/FUTi93tXq405grZVGgDqG9sIx5TWakL0EvII_cn7OFiKatZAiGdlPFKcEmBqPx5TXIY7EK306Y0ZYponEs9DNokvOxvUsu86SM5YNbTyKcUEXW70cszO4LOrTsaWphBZU_SGE4oTRZXTbGnwI59IPykbkqjKswAjuBVYiRiTks6Vzua3c4MjoDAwngCiK_6XWFV00-fwYkXUln6Fj_cpyDikKSE1M6BSqpU99zgXRwneZwvsoIykuAVauV6p3dLujYQ-u_NMgWlnwFphgjgtHqGG4PLGHYfaZv7epJaOfrWM9PpHSoUytbxswQu3_MFA/benefits-attend-web-programming-school.jpg,プログラミング初心者が勉強を始める前に知っておくべきこと
プログラミング_17,https://yrm006.wordpress.com/2019/10/24/%E4%B8%AD%E5%AD%A6%E7%94%9F%E3%81%8C%E4%BD%9C%E3%81%A3%E3%81%9F%E3%83%97%E3%83%AD%E3%82%B0%E3%83%A9%E3%83%9F%E3%83%B3%E3%82%B0%E8%A8%80%E8%AA%9E%E3%80%8Cblawn%E3%80%8D%E3%81%A7-%CF%80-%E8%A8%88/,https://msp.c.yimg.jp/images/v2/FUTi93tXq405grZVGgDqG0tBYwtu72lM_CB2IEbNVMwTi5Ti_zp0LlF5L3Z8Pzo39jiDeRn_0h4xutjn5yiPzZlX6BswKJv6C_51-Cpx7BF6W1hNTcgx-7M4SKpO_5FIMuM6BFSrulvaZNohjq3_vaPCyhegI00RTxCVaIG3YQ7-JsblGWJpaoPN5QlLwcxrd2U4cUFUkl97nzUO160yuj_QUXRm-jGOLxdB2E2XpqpZ7pknymPHNbWnnKwqPYtuCf8-4lyI5V2ZFCk6fPcs86CHnCean0xMCJ0rBh0muGBv-yI7eyxqJ9gvwAFm7Yeh/screen-shot-2019-10-24-at-22.59.36.png,中学生が作ったプログラミング言語「Blawn」で π 計算！最新のC++を ...
プログラミング_18,https://paiza.hatenablog.com/entry/2019/08/26/%E3%83%97%E3%83%AD%E3%82%B0%E3%83%A9%E3%83%9F%E3%83%B3%E3%82%B0%E5%88%9D%E5%BF%83%E8%80%85%E3%81%A7%E3%82%82%E7%B0%A1%E5%8D%98%E3%83%BBLinux%E3%81%A7%E3%82%B3%E3%83%9E%E3%83%B3%E3%83%89%E3%82%92%E8%87%AA,https://msp.c.yimg.jp/images/v2/FUTi93tXq405grZVGgDqG7EWq3gkaBV51Iq32TvAcGrFGJLYXPsvUcTXV7P3YYThZwu87gLpK7_7hD_Dhrd1QvM-VbgpwC1BDQLp8EfHAaddirVLNHq5rRhAVhfukeLtgKbFdKLnjYh1HR3j2eFbeIwQUr2uPRjssvIKp0lzNh5caPRnczZZkhb6Ym94bf9_VgYWEfpGpML-rV4VGTkkjS-v_qv4_yJesJY1YGK-6K3LPYaiWFDnDgCt8mYwHOM8rXtlr9p2afCkq4ShHrHpHtX1WWfel9hIslI8YIDsokLfZQoeTrl4eraK3Pf1Wf9C/20190717105101.png,プログラミング初心者でも簡単・Linuxでコマンドを自作する方法 ...
プログラミング_19,https://style.potepan.com/articles/6746.html,https://msp.c.yimg.jp/images/v2/FUTi93tXq405grZVGgDqG6GmKKG_m9-caVTphEyD1lcaOyuGFongc8Hm7mQ6ljIyuVv03SPQEpgWLg4LRwZmZ8XMfYwhcZdZJjJ7FBaLDTnszzCbZENTza-YgU3U-_hFhWxamlc3fUVQpg9OVjrz7RQx0V7tfujTsouQqq-Jg-IaTtnWiVFvMmePQRje8cZjGWQEtDCPQVCNo4R_SwTGWeRW9avb7pSBmL2bGdz1zWFG5oGDysC8EJ9a5XK5ZNB_fZZuszr7DaG_phasRyO7PQ==/2-1.jpg,プログラミングとは何か？その意味と基礎知識・おすすめの勉強法 ...
プログラミング_20,https://game-creators.jp/media/career/017/,https://msp.c.yimg.jp/images/v2/FUTi93tXq405grZVGgDqG9-2xpbIub15OzuFgOzDmFND6opmy6yiNoAZymZH5EPx9RxveRTCQBWTnue0EbUy-M1Tqi2ou81Ustthd9bWTnidfroFx1OrVAyfASvLEDvgLAHD5JCjpiUOTODuec_HAUqziG--IQu9-QD00MHIee-5yBl7y-V295AXd9OmbSTfCHT4POPSzuaXzIUQYTX30gzBQBN88TSEI4i_qt-tpo2seA5qgZZFmQWNekVAuJwAIJ1sesUzVFbNTsQncA5YMOK1TxxEBxhIvM91DnySMvA=/017.jpg,ゲームプログラマーにおすすめのプログラミング言語12選
プログラミング_21,https://www.pasonacareer.jp/ib40/column/geek180802/,https://msp.c.yimg.jp/images/v2/FUTi93tXq405grZVGgDqGz16PiXta5c3DTalPOnY5FC4B74Z0X4YhuYXEFVnT8J3dYvoGSoEZshjYbxTPlJS5AphKBJyuwtZSsFyB4xz7rHtGT8UWRUFGszMrw7TYvY4wL-ikhU7O_mESwnaakKkPR3IhQmO3rKRv_GkkCHDmOnkgi0nnFxcbkfjmF4CRXVw-bReHSTaLFnnAehXCOedFSCHhb5mUFm48tr33hPVwYmOx30Fdw2yJixgC5eh3UgMjBBSva49GOyy8gqnSXM2Hlxo9GdzNlmSFvpib3ht_39WBhYR-kakwv6tXhUZOSSNL6_-q_j_Il6wljVgYr7oraySVbVzs2rDkg5VaFE79kkHn4UwX481dFy9iaBACGraLBwaqODNEP7y1hIxi0l0OnD1thnPycfpZAqoxX38fiI=/04.png,自分の子どもに「プログラミングってどうすればいいの？」と聞かれたら ...
プログラミング_22,https://www.itmedia.co.jp/news/articles/2009/18/news081.html,https://msp.c.yimg.jp/images/v2/FUTi93tXq405grZVGgDqG3FisvduuMUvYIJApvy0wL54upRZLyWZ6URNq1KhIA67cHj_Mdh5M_Io70dVuXzRe60vc25nQ_PHeRRQ76JnIYvv3pvyJcLOnIXKnMq8sW45o8LKF6AjTRFPEJVogbdhDv4mxuUZYmlqg83lCUvBzGt3ZThxQVSSX3ufNQ7XrTK6P9BRdGb6MY4vF0HYTZemqqxnhf2_Y3tVoymeoepWmU9f77L7Azp20lqym3DHpSa0KVBihnEx59jIYmloIn8JDtU5-iaM1fMWmH1JaRXZ54A=/mt1626333_NDSK-02.jpg,日本語プログラミング言語「なでしこ」、中学の教材に - ITmedia NEWS
プログラミング_23,https://programmingkids.net/information/1780,https://msp.c.yimg.jp/images/v2/FUTi93tXq405grZVGgDqG-jokfgx1swJ6pFY3toFdKF_HVBIBPHU7MQkJwAB4Wq58xPhvOOa8YokQ0h9FkFsJh-A-TgbOJ8aTRfTzc0ZzvUnSFG7uhF-EJVF7l-3o23c4TpAEmnqxIaIo56rFyliOs8lBV97Sf9hWzkUrnw0QBahcC1KAZX6XJPpTppXY__GDP0A9T_qO2D4BVI35_Ljsdn5-tijhvRY18nvB4dPicbFQ7VpIj2Y9SWrlY3XHCbgxZWsudxKlZhTX54ti0aWimgjRw-_hpBzwzqP3QtCg88U0EG80NKeHGlpMmkhC6Pe/mental-2470926-293x300.jpg,厳選】はじめてプログラミングを行う中学生・高校生へ！おすすめの ...
プログラミング_24,https://www.youtube.com/watch?v=BAGpSAE8QAU,https://msp.c.yimg.jp/images/v2/FUTi93tXq405grZVGgDqGxuQACxqi0fkbGNWy3I1FNXYY73FcGIC2uuEWbxL5Fp7QbM-2cA-2MCOSqNK8nDe6TMwqx4j6JcYDIcqw_MaPg6u29AZ03Swm8z4wLRNpxe4DZhyb9nH9M4Fkte9iWk5hX6t2ZL4kOR3t36OnM_zc13PYy4S92kuncvK6LB6gbxQMD6n2U8E_qBlNa1T2KmNC7kXbB1_HqnEiRNBf2DubfMPtuExNYuiJ7KcwGWSciqF9YDOB6c2a-Hqv-4fKc71sg==/maxresdefault.jpg,プログラミングは誰でもできる！？ホリエモンがプログラミングの基本を ...
プログラミング_25,https://www.amazon.co.jp/%E7%8B%AC%E5%AD%A6%E3%81%A7%E8%BA%AB%E3%81%AB%E3%81%A4%E3%81%91%E3%82%8B%E3%81%9F%E3%82%81%E3%81%AE%E3%83%97%E3%83%AD%E3%82%B0%E3%83%A9%E3%83%9F%E3%83%B3%E3%82%B0%E5%AD%A6%E7%BF%92%E8%A1%93-Ver-4-%E5%8C%97%E6%9D%91%E6%8B%93%E4%B9%9F-ebook/dp/B07M5Q7Z3X,https://msp.c.yimg.jp/images/v2/FUTi93tXq405grZVGgDqG2E-Sg2-7FDTZANwvnBP0L8fCu8JH5BxSVL3lAhv-slsc6sn82639n4f0aDyFP0z2VP0hhOKE0WV02xp8COfSD8pG5KoyrMAI7gVWIkYk5LOlc7mt3ODI6AwMJ4Aoiv-l1hVdNPn8GJF1JZ-hY_3KcjWfz_tHl9JCTQXpQIsHA4eqJfbiUwQzN5ModCJi8qjisBXFi1c-mUZzs_o3xxByziUik58pnZAb8DMcTR-r81HjPT6R0qFMrW8bMELt_zBQA==/516ILPoCRiL.jpg,独学で身につけるためのプログラミング学習術: Ver.5 | 北村拓也 ...
プログラミング_26,https://techplay.jp/event/801105,https://msp.c.yimg.jp/images/v2/FUTi93tXq405grZVGgDqG8Yt1YyfdZIXpE9z2dBX8defbzcC8SW4jkFEJ2iM7v63ydh3mtDDuj_iHZYXv_szkHSX9H0Nahb1jzTT7R3zaNCgfEw0l2G4fCbQTD4HdtYpF_AF96ofvQ0l4H4m8hxE4K7b0BnTdLCbzPjAtE2nF7gNmHJv2cf0zgWS172JaTmFfq3ZkviQ5He3fo6cz_NzXauXqM1eHr0hov4Y70yxvdSGwKlRRa78trqeIv9ccT0FLi4lpfW-6bFHxd1568pFGfIhNnMY1nAErUbruujsEAAU0EG80NKeHGlpMmkhC6Pe/715098dbe28e6cd491872c0c360f8e5190540adc.jpeg,初心者の方のためのWEBプログラミング体験講座｜IT勉強会ならTECH PLAY ...
プログラミング_27,https://tech-camp.in/note/technology/226/,https://msp.c.yimg.jp/images/v2/FUTi93tXq405grZVGgDqGxiw-Tbq3nt4hl1-Q-TVZoODEpE4z_s1xPwXVje0FrFY8xPhvOOa8YokQ0h9FkFsJsdkiNHdAZP03VuWDI7IPlO95JzEW592GeaBqgNBmTQdc28F73kYMQfbA14P9fD5TA-o5zmnml_OR-bm6_whgO6wxOO_3a34qT4WQ74oIvf2LpvuF2dTXsEx5onDV_Q5VOOxWl-keef6xtYVxZyQgMIJkuWBJNsJEdYUSBD5L2_I4e-mGTOIapuge1Crwmfl6jpGkNtUDziLkZ8U3tzh-Me3NPWXoUN4NCqNQ2uvfMnTU_SGE4oTRZXTbGnwI59IPykbkqjKswAjuBVYiRiTks6Vzua3c4MjoDAwngCiK_6XWFV00-fwYkXUln6Fj_cpyCU2YL0gAfueP9XPeYa3K2ystWRpoTJyREG5tOuhUYzB9zvc0Rkr8cQRL8wehkg3Bcx63jc0gYQFzkA5Gh7sspT1gM4HpzZr4eq_7h8pzvWy/E382B9E382AFE383AAE383BCE383B3E382B7E383A7E38383E38388-2021-01-26-17.17.35-1024x397.jpg,プログラミングとは何か？を世界一わかりやすく解説 | テックキャンプ ...
プログラミング_28,https://blog.codecamp.jp/programming_english,https://msp.c.yimg.jp/images/v2/FUTi93tXq405grZVGgDqG2ZbYGCyLpR5USnqNmgnrubG2eS9ra12f_cClqxFaU7sMNf8ORNy0u0XHjK8-zSTk50_d6y5K5nCwBm5-1CFSJmb69QLS5rr-6JMDp12mdj5wrmuuG_AIgka-2fC1UpTQuNp5Tvy8XFA-aA_Q6SXSi60qeaHdT4k5p0Lfut2J8DV-QnTsSQmxyxkEmw4jAz1LADUvShlgE-rZtIhTc0QU2IyZnNEdiOtYSGUogUc1FfvMro5GnM9_s4WkPjSf8zf7MtHIBNcBJSWnjXMENmNoOT35BUeQx5wcXxBWaz8OJcuPrVvl87zL8_HmzJ6lEi2ZLjGM7uNgdeeVXLJEnoQagcQW9TQAPpuMB4eMXh_Cp_W8o6zQcPYl1uIAxkvjQDVUg==/1c25d2dc08dee3db6ace8c6cb5e1ee7a5b069790.33678.desktop.jpg,プログラミングに英語は必要なのか決着をつけようと思う | CodeCampus
プログラミング_29,https://www.huffingtonpost.jp/techcrunch-japan/program_study_b_10014552.html,https://msp.c.yimg.jp/images/v2/FUTi93tXq405grZVGgDqG-k-1_c5wXRAf5ccEUdvFsoOw2xaTCw7jfiCqaEsfcvX-aLE5drUXhODZybHxyYALSNNLk3RvYxwR1Vy3sn3SLuCVxmFFdGaTdEaIW01ytZxXT_v6m_b84x1XolhUUh4yfF6SRVIsJ_NbxYiLv_-eMn-jO3iN4wLtyHYDxKaqgBiTiurRrSMZew9xAniFKagn3s3dayHIEhnZSuj5ftsZttNAMSGI07uKEb4G1LVKosBI94uUSEwEACsFtps9H3CypfvDwQcIY9ryAmP2U9jyC65HAOmTDoUWDvHQoo-KlI-/5c63485e2400007002a1fe45.jpeg,頼むからプログラミングを学ばないでくれ | ハフポスト
プログラミング_30,https://haa.athuman.com/media/it/programming/1349/,https://msp.c.yimg.jp/images/v2/FUTi93tXq405grZVGgDqGx70uVh6JrKTLc2lrUMLjHUdv8gk3zdTRMLrYz1PLd-SD_nsWftuFF_fAP17pbTI2CSMT9O_x1fkvkkkDK1XbdghQMDIny4d3sEFFesQ6VF9DGeu-qr0_hg0NK8x9bkFTUaVyPM2oMOzO7OqapMlEaA9x2d053i6yqs_-C4nX2J5mccrn3nn-eS7Wx-zgNy5oVwBKV_l2dBFBe7ZOHMRrd2uUbfhlpq2R2uQ71lGKIjeJgqljdURJD7PBcjQe1CXEQqyL3Nd7V9d6MwDvEpjFwdueT47WjUt94ggruX4HxKc/tech12-23.png,プログラミング初心者は何から始めるべき？成長へのステップを解説 ...
プログラミング_31,https://ferret-plus.com/8887,https://msp.c.yimg.jp/images/v2/FUTi93tXq405grZVGgDqG3bZk2rP9zBdHsvXBVN9eVJN5ti_rRZ2S11WanWZ4gKqD3gYKjRThGDtv0vSzVecGIw1JkU13mBX_KA4R2ZYOvwUdTA6z0D6THUbssKxPILegvxMuq0x022wzL6LpeeXamy0jbBrqTTWZgjjDgNv6bujwsoXoCNNEU8QlWiBt2EO_ibG5RliaWqDzeUJS8HMa3dlOHFBVJJfe581DtetMro_0FF0Zvoxji8XQdhNl6aqWzjx8ndDpt3efd2baHvmEuIyXGcOJRWZfwWw91KkbPukB_sWUp3cUJf89eDFKaz6yuAQw6p8Hw9gn8jiVdCS6w==/default-211c44e4222b53c5de3e7213b6dcc3be.jpg,2020年版・プログラミング言語の世界人気ランキングTOP10！オススメの ...
プログラミング_32,https://japan.zdnet.com/article/35122872/,https://msp.c.yimg.jp/images/v2/FUTi93tXq405grZVGgDqG84VcAfbwddB1BL6EgXKDqFzpBltk6CLNx5V3Qbpv4roJEVYA25bKwlaH6nF5LOOFoJRmbXl9SDuishVoZTfdd19ZkWKnB4oe-S0KbY4NQUuTwa3KUlc3Qyo0kdPJzhUyqcZOk3bg_pji5PjErLFEWa5lp4ZGKBw0V9Sep_-6o3tcl7O45TeZag4wH7o-xonh9kVfsUegLSKbRvIxE9LgrcXRbzrIfrCCQGlUO4b4l2bwoeCcnJERkveWPsDk5ci6mvbhHIweOVrhbosNkq5llH9VQShQ6NWTcPOpdnU7G96/FigA.jpg,データサイエンス／ML向けの最適なプログラミング言語とは - ZDNet Japan
プログラミング_33,https://startupcafe-ku.osaka/journal/column/2146/,https://msp.c.yimg.jp/images/v2/FUTi93tXq405grZVGgDqG8CuYLcN3JR4QlOXvPX1M4wPacb4VJfGsaclNhOdXtxNy4iZTldufLUyozbcCsSNUXUJBRM38RmxvkjS6CcQwYrX6YuLQKS0MC5FKuJRP9JpEEyba7XIO7bYy0CROXMRUZus43yUk384p0ZspYw_U414mB9MmfoBhc60JHBGZeX7-VlKlAAafPFrAbKazSrbR6Hll4SCJcE7Y1UdF1ESWhJaYjJd0nWsLmVgmJLZ1stm-XmzAf6xgBnJccAe44EBQiQy10jZBIRpCjD6PUcsi7Hf6M6O77W7Qxc2i-q4vvXd/programming-100-1200.jpg,わかりやすく解説！プログラミング言語の違い | スタートアップカフェ大阪
プログラミング_34,https://prog-8.com/,https://msp.c.yimg.jp/images/v2/FUTi93tXq405grZVGgDqG5k93GA2JXD26tVN0p0m7E6s4mabPSfiktt67shy7DuJAQ-PCNk3RAX-lma3dCRg2J7NCsVoaQzmYnzhI-Lqr7sigdYY0EeQMteoeCU9gIuUo3VmhW105fiW5ZJseqIIgSwBw-SQo6YlDkzg7nnPxwFKs4hvviELvfkA9NDByHnvucgZe8vldveQF3fTpm0k3wh0-Dzj0s7ml8yFEGE199Km1y73yWmCQ-9Jg4GlrrF0q_83kTZM2ANHq5rQXyA8V4qFrd2zS0iReP12X9YEO-AQvsZqoI7RhFDp3ZJO5B-m/first_view_ja-7b5585c019014bccb77d..png,Progate | プログラミングの入門なら基礎から学べるProgate[プロゲート]
プログラミング_35,https://tech-camp.in/note/technology/69/,https://msp.c.yimg.jp/images/v2/FUTi93tXq405grZVGgDqGxiw-Tbq3nt4hl1-Q-TVZoODEpE4z_s1xPwXVje0FrFY8xPhvOOa8YokQ0h9FkFsJvJv9MhtpnriXCjde79_SxOqr9iYvMOOjHf0f6M0QFMF8I8KgyMDHeJsJ8I5kbzRR88lBV97Sf9hWzkUrnw0QBahcC1KAZX6XJPpTppXY__GDP0A9T_qO2D4BVI35_LjsYZ1pl7m0763vfHhIivlUIJUcn_vFJ2_PQrGjQv8q7Ra0AQpV6dewamutf4SW5b1ckJW2k2BUuaqxW0XvSvYjncW32A08MPXGS_u6yUjgS5n/programming_self_edu02.jpg,プログラミング独学のやり方 初心者が基礎から学ぶための入門方法 ...
プログラミング_36,https://arschool.co.jp/blog/archives/3188,https://msp.c.yimg.jp/images/v2/FUTi93tXq405grZVGgDqGyu2eZ9gKglFBJMnVEDFHrqXS0aOVjT7eGKM4WBnlmiB5b9UG-chcGcHJnagxcbw3XUZA8R8U1GE-2FAM8HuZFmnmBUfcsY_eMuwCf8oOeIj2HpNEbPN-wv0ivSmOLMKEHdF0YL0tXZFM7E6dcgzACyAQoZS0yY8OiztkD6wFCZDpp4QeLJJv_8FCsuGuzwPF6DwLtWor8vl9ORLFPI_f3htyu6QBS80-B9fM4asCOZdDDvv31ybhs5ygLPnSlJMQpgJ6woiFmYB1git9XxOYvwCxpjaBahkhwnkhc0bAZEjg2TUWon14TQrPwboFlQOaA==/d6e1feeb7bf4a7aaf39d218f8b8c4ea9.jpg,子ども向けおすすめ【プログラミング学習アプリ】5選｜探究型 ...
プログラミング_37,https://www.pc-koubou.jp/magazine/19144,https://msp.c.yimg.jp/images/v2/FUTi93tXq405grZVGgDqG1P-JXyNnHBrNk-xGo3GRAoOZ480OOIYb3gpdZeKDppzddtrnLBqUTDFx2qpz8tm0GeL_p9yqCdDpNxjLYnryzVMB9Na-0ofDKzUnW-xSBPT7hX4KajbskA2XcLS0FDLKJus43yUk384p0ZspYw_U414mB9MmfoBhc60JHBGZeX7-VlKlAAafPFrAbKazSrbR6Hll4SCJcE7Y1UdF1ESWhLJXOmV2Sv8DxaNckqEHFWKxm5sa7H5ZaExJJrPSEMU1FlGXgut_4iHHZN38wVActAov6BQU6AFUSuu_ORb_3K2/scratch_basic_main.png,スクラッチでプログラミングに挑戦！ | パソコン工房 NEXMAG
プログラミング_38,https://haa.athuman.com/media/it/programming/2160/,https://msp.c.yimg.jp/images/v2/FUTi93tXq405grZVGgDqGx70uVh6JrKTLc2lrUMLjHUdv8gk3zdTRMLrYz1PLd-SD_nsWftuFF_fAP17pbTI2CSMT9O_x1fkvkkkDK1XbdgDn1SPPVXjlj0Sso9qtZpxPdbmUSLuTFCIpeAuBg3TKmhOPlvbjxAe-g_GQ_t4p8zsa2BubRRuZFTAByVzVZA4FFI0H60s9xKE4wh50HOVS8tPNbmWvJQ7sHXMt70TEoYX-9eqKig9LkxIG5QxQZ-UCRnbVedSsbDUtOaCuoELZElmuQVs0-RZdR51G57QqeyPbem2AQ7kpP2f4QHmd4mM/fn_05_10.jpg,プログラミングとはどういう意味？学習方法やメリットを徹底解説 ...
プログラミング_39,https://prtimes.jp/main/html/rd/p/000000003.000052102.html,https://msp.c.yimg.jp/images/v2/FUTi93tXq405grZVGgDqG55TuUok74aGR5j448WXX6QoG3Qgh6RcdpAtbd8eetWa1_RWx3nI5ZL6t2Zbtoo6Gx5KI9uWNc1UHWw6z82EyM2nGTpN24P6Y4uT4xKyxRFmuZaeGRigcNFfUnqf_uqN7XJezuOU3mWoOMB-6PsaJ4fZFX7FHoC0im0byMRPS4K39FbYx2yxxeRKPIK-MmiHzO0uOnBoeKM0zUI1Z2mKzh_ayaCqQdmSxOrEosIaxCVyrlJOAQ7w3KCHWx26rs_i3Q==/d52102-3-408782-0.jpg,プログラミング指導者必見！】20代の学習経験者に聞いて分かった ...
プログラミング_40,https://wired.jp/2020/04/30/python-language-more-popular-than-ever/,https://msp.c.yimg.jp/images/v2/FUTi93tXq405grZVGgDqG8-tbysIl8OelV-uFtw5XLy3uY4BO9Pn1d-p2pmOxpQpR48ACvOoSah6hL29hLb1yQjlagwnKevViN1Ec2eJw83xekkVSLCfzW8WIi7__njJ_ozt4jeMC7ch2A8SmqoAYk4rq0a0jGXsPcQJ4hSmoJ97N3WshyBIZ2Uro-X7bGbbK1ni_X5ohBMnnj8Gut2qJbaDzFZR7Hjc9Ga1m93-RobklTeOqVuTB34ImgfLjJTvHc0m5wihGrIsYRASEyXUZQ==/python-popularity.webp,プログラミング言語「Python」の人気が止まらない理由とは？ 人気 ...
プログラミング_41,https://progra.org/blog/63/,https://msp.c.yimg.jp/images/v2/FUTi93tXq405grZVGgDqG1DOCoFdjj0tRkJuk0LWNmbqa8deHeZDz8xzNwfQTSgokoC0HDuOZWs1DbOPljdWUfFYGkkWog9B077RQHRstMEggfheT3VZvQQXUlSp7XonFW8qCg9JccEDAkW7qgTayoAgOERmond4rce8jpRphSmrlg_CZut-1eRwx49pFTf5_-LCzs7lclJPi-AHQcQChtDjVnuGbs3pyOH2-Ha5Lt-YVdGKs6BKu0Z4ldCV4nMIA4QT1Ixw9YdkAnmSIZlItw==/50168990818_fd7ed97c39_b.jpg,無料のフリーソフト「Scratch（スクラッチ）」はプログラミング教育 ...
プログラミング_42,https://web-camp.io/magazine/archives/16592,https://msp.c.yimg.jp/images/v2/FUTi93tXq405grZVGgDqG6G5iwy_WPkPPE70H8VL32fJBFh5ICm3zzh-5U87JXoUgcjldUyeQ0DxEyIJi9SXrG3w9lKmcaaGFbgdRB3iGKy2R7NrpCWQZY2clYW3tNO0TA-lfjrr4YzrR0dnxWi6mIwQUr2uPRjssvIKp0lzNh5caPRnczZZkhb6Ym94bf9_VgYWEfpGpML-rV4VGTkkjS-v_qv4_yJesJY1YGK-6K0v2V1CfK8jRlDeRmkg0eC673wnrqsvzOcIO30gLSPjqrEj-smU2dt0LehPLE9UPky9h87fu4hsh-yXbwNnF8GF/soucecodeIMGL9032_TP_V.jpg,プログラミング効率を上げるエディタの選び方とオススメ | WEBCAMP NAVI
プログラミング_43,https://kids-switch.jp/,https://msp.c.yimg.jp/images/v2/FUTi93tXq405grZVGgDqG4I928wZiJvkzW3LkyGHTi3dgndIccIGvjT_Ae8w0Lclc1OKIr75r3DzA_WGARUGZW-isUagZEM_BKJnRZoKs4WB5YByNuyi3zA5bSlgPlIvpN4KhmNfM39eXTuy-Ic3WXLcTdqSVSsIZXoYyf16iviAQoZS0yY8OiztkD6wFCZDpp4QeLJJv_8FCsuGuzwPF6DwLtWor8vl9ORLFPI_f3hTMqxaVejT383va5Z72sM2MEgm7lbpKauYMma-psEI6fl4FQ2ybd4J4q7I54biJoOZpUdHDc3K9aqNOEbmY6C_8o6zQcPYl1uIAxkvjQDVUg==/course_guide_img1.png,武蔵小杉で小学生のプログラミングスクールをお探しなら ...
プログラミング_44,https://phil-portal.com/programming-english-skills/,https://msp.c.yimg.jp/images/v2/FUTi93tXq405grZVGgDqG8S1xry0ig8OWqYxU1cKIaCZI5JjPyEJWXqQnQtKM2cHPPxr5EG13bD1EQTu_G6hw-o2GXDTxiFiyiUjAss5EzgipZv71jIqXGu0df8wZixt2M0VxSK8yzo9cEBabRirhaPCyhegI00RTxCVaIG3YQ7-JsblGWJpaoPN5QlLwcxrd2U4cUFUkl97nzUO160yuj_QUXRm-jGOLxdB2E2XpqogfPH9FQHwsZ2-eyi4vjdXGbeQUZuQ0YfHb1-DxUU7e_hQhVAZopqCrUN6xfolquzpQuZInoJaCcZ9N8ZwvdHK/e95efe85cf997b40cc53ccbf99a40479.jpg,プログラミングに英語力は必須。『oDeskとHackHands』で証明した ...
プログラミング_45,https://products.sint.co.jp/topsic/blog/competitive-programming,https://msp.c.yimg.jp/images/v2/FUTi93tXq405grZVGgDqG2XFgbED-hYlpiIPakjOyLV-QDkyb3rshZtkaYNlvkWqtmOIufrC9u3wqxpn5kc1b2_K6Wo6NfzIEMVAgxFsgqmwAqH427VZIeASjwJ0ztvdkqMkOQsT_1Y2vML9NW1k3_FhJYHe8anffyh_hiiOcaQXWL_FZ6_WU9uhIjylFoCpJbxe3eS34fkc_AJ1SbKT55aYCQZSB8cWYaMbWTFxqLptdndXQAxEyTVdVbCxJJ5s_qqHIHYALyfNjGzYVx8_jZryUncnrJh6Wxffo_13Kz5il617pDYvZtfzCcKjYGplEzuBS3icH4ksyBjN-HF4aVdwkeN2Igzgdp4Wl1Fn4rQpHc2KcXCgj0rfzQ-xY6CaqNRDCEDhLh8H2qseC589X2Gp_vzF14smTY9KGVC6GW-SoyQ5CxP_Vja8wv01bWTf8WElgd7xqd9_KH-GKI5xpBdYv8Vnr9ZT26EiPKUWgKklvF7d5Lfh-Rz8AnVJspPnlpgJBlIHxxZhoxtZMXGoum12d1dADETJNV1VsLEknmz-qocgdgAvJ82MbNhXHz-NmvJSdyesmHpbF9-j_XcrPmKXrXukNi9m1_MJwqNgamUTO4FLeJwfiSzIGM34cXhpV3CR43YiDOB2nhaXUWfitCDOUn3Uri7rhOMd1MmVbsSMEFK9rj0Y7LLyCqdJczYeXGj0Z3M2WZIW-mJveG3_f1YGFhH6RqTC_q1eFRk5JI0vr_6r-P8iXrCWNWBivuitwvA-Kw-Xx1k3foNdwU1mZqt9IBk7BB6WQMXGQuAn6mCGQEcR6x_pMsZSmpxjOHDG5PlTuXyD4UUwALd4c1vJlQ==/E7ABB6E68A80E38397E383ADE382B0E383A9E3839FE383B3E382B0E381AEE5958FE9A18CE4BE8B.png,競技プログラミングとは？問題例や参加方法なども解説！
プログラミング_46,https://www.sejuku.net/blog/126020,https://msp.c.yimg.jp/images/v2/FUTi93tXq405grZVGgDqG2ZbYGCyLpR5USnqNmgnrubG2eS9ra12f_cClqxFaU7sA9qITCCAWztPUfYpMBDVq-vecy54RczYax3fR5IrJSt122ucsGpRMMXHaqnPy2bQSHr2b2olBLrGSElBsoZebBcRtbodXZ45Kk1Ek-YNwXUAqhEXlM9tN4Zo6E-ZvIhQ8XpJFUiwn81vFiIu__54yf6M7eI3jAu3IdgPEpqqAGJOK6tGtIxl7D3ECeIUpqCfezd1rIcgSGdlK6Pl-2xm24iywPHCE5b6o71lzn1pi-9BPf2lk8ZSywcB30xJ9GaQPvasVV4iQ_OgbRntWHJq1i-bMobTvBeYeWOH6BndXj8=/shutterstock_329205053-1.jpg,3分でわかる】Linuxで使えるプログラミング言語とは？ | 侍エンジニア ...
プログラミング_47,https://dena.com/jp/press/4382,https://msp.c.yimg.jp/images/v2/FUTi93tXq405grZVGgDqGzByUtZZhdRCP1E6tSYTFqryGreEIePF7rLC-HBNXJnX6oDGQSclErxlvJOBY40xtYDXMOFONYo0KEx17LXHkhx70JO_Zzq3Hf67JOpTEqt1T2V2YYvQW1I471TKZbk53VCRmKv_xKjYlxv_XfsE_k7PJQVfe0n_YVs5FK58NEAWoXAtSgGV-lyT6U6aV2P_xgz9APU_6jtg-AVSN-fy47F6vwc75HIhAVYK-8KjS7mqjn8FPZkpkGpvNv1QLRhQM315xnrCjml3ol2cJezMiWJK-IM4iBfdj_kxH6dm34PaFNBBvNDSnhxpaTJpIQuj3g==/3054-4tnx1pgUlasqkkx.png,プログラミング学習アプリ「プログラミングゼミ」で本格的なゲーム作り ...
プログラミング_48,https://style.potepan.com/articles/8067.html,https://msp.c.yimg.jp/images/v2/FUTi93tXq405grZVGgDqG6GmKKG_m9-caVTphEyD1lcaOyuGFongc8Hm7mQ6ljIyuVv03SPQEpgWLg4LRwZmZ0HUfHxZPk7w6k7c2XMPWhxtNjdDeLSgbV2KeH9YboRUqRQEDWidSJTj9KPrvydjaoBChlLTJjw6LO2QPrAUJkOmnhB4skm__wUKy4a7PA8XoPAu1aivy-X05EsU8j9_eE0RB75eW0-58EIiuOfz1S9aU752nnuKsYewZn1e44KI7-xd6c83mZROLgNLdlQGxzlm2YRd-ZXBb7TYFkvrO-XyjrNBw9iXW4gDGS-NANVS/pexels-photo-270632.jpeg,プログラミングとは何か？初心者にもわかりやすく説明しました ...
プログラミング_49,https://www.amazon.co.jp/%E3%83%97%E3%83%AD%E3%82%B0%E3%83%A9%E3%83%9F%E3%83%B3%E3%82%B0%E5%85%A5%E9%96%80%E8%AC%9B%E5%BA%A7%E2%80%95%E2%80%95%E5%9F%BA%E6%9C%AC%E3%81%A8%E6%80%9D%E8%80%83%E6%B3%95%E3%81%A8%E9%87%8D%E8%A6%81%E4%BA%8B%E9%A0%85%E3%81%8C%E3%81%8D%E3%81%A1%E3%82%93%E3%81%A8%E5%AD%A6%E3%81%B9%E3%82%8B%E6%8E%88%E6%A5%AD-%E7%B1%B3%E7%94%B0-%E6%98%8C%E6%82%9F/dp/4797383100,https://msp.c.yimg.jp/images/v2/FUTi93tXq405grZVGgDqG1CROubRnqp0a8lc9vDDS-lAY7AB0-ZjPxi7Xye_xu0wm9U4TgWke3wHS2oRWPNFslROdEv4FzqEY2uuS3ym7TzszzCbZENTza-YgU3U-_hFhWxamlc3fUVQpg9OVjrz7RQx0V7tfujTsouQqq-Jg-IaTtnWiVFvMmePQRje8cZj_wWrpZN20ZSmGeEdajtAkcvZ611AdiUD5r-HSYmci-jOCffo5DI_IJFFiD6H1BdG9fjfMy8RzByPuZAmUUpSFQ==/71huNHO6LXL.jpg,プログラミング入門講座――基本と思考法と重要事項がきちんと学べる授業 ...
プログラミング_50,https://gihyo.jp/book/2020/978-4-297-11347-6,https://msp.c.yimg.jp/images/v2/tpvPBYOX1wpNVI1UoNSgEjShtjPfoBg4ERVn_ayT-Miz-ROyz1PeyfBr6uNIV6QaNMPekkBIge_N1bIfLTMdkEBF4y9vO_uGnBk2h9wzbYNzAhopb3Sgjyt96kVi8hW2LAHD5JCjpiUOTODuec_HAUqziG--IQu9-QD00MHIee-5yBl7y-V295AXd9OmbSTfCHT4POPSzuaXzIUQYTX30sJ8Bx_tGzmMebT0Mnrh31qItQqhaS-x85GliAc6XiNm1Hhkvy6awpkojk8wD6sBk009mLWqBSiGblCG8gbox-g=/9784297113476.jpg,プログラミング言語大全：書籍案内｜技術評論社
プログラミング_51,https://coeteco.jp/articles/10289,https://msp.c.yimg.jp/images/v2/FUTi93tXq405grZVGgDqG5Dgw02U19OMFO0bgyxeMMCp0KvmwLSdrqV9H81RLrskTk8tg8QHexE7_Lh9dzjyHyC14E7NVG-lsj1FSywod1VINaMWL13kW-r_LZDlT4fNQos7fvAgS6EDGIyx6ZIRk5vwliP_X3BkTB9Lve4WwF-3a7ceFxPfoFgRZiYqGCG1C-hdCRTYO_68xY5vDp5X71-QxZMh_9HXkO7Gp7CDq4b4AqEoT755ce2T5vgvp9LsQvfROnFyzsFa7egKnaVsIreVCjswElG6UnYS7XDgvssggfheT3VZvQQXUlSp7XonFW8qCg9JccEDAkW7qgTayoAgOERmond4rce8jpRphSmrlg_CZut-1eRwx49pFTf5QjWvoe9scvy8Wmgc7680vxK2frvbhGOIYEzaMJF5IDsB6HBulEbZnoh4YDztWxgtTE0hQY56B9LiIVobPs2T2Q==/aaab996dcbb5ac7da7e11664b3704ead8fcd9098e4423ac8a36b30fae301,ビジュアルプログラミング（Scratch）の次に習いたいプログラミング ...
プログラミング_52,https://www.internetacademy.jp/it/programming/programming-basic/what-is-python.html,https://msp.c.yimg.jp/images/v2/FUTi93tXq405grZVGgDqG9sIx5TWakL0EvII_cn7OFiKatZAiGdlPFKcEmBqPx5TSXAv0owedEEpSPHXMIKjrzJLX7W4C1rAYdO4muAaLJ2jwsoXoCNNEU8QlWiBt2EO_ibG5RliaWqDzeUJS8HMa3dlOHFBVJJfe581DtetMro_0FF0Zvoxji8XQdhNl6aqAM2L2DUsr52FmbOOWKiNTg31mlVq3rvWnKtUVoZzvwMDc9hrkKVHPg5Tyx0NyBIJce4oHonQqABQuWfy6maLzQ==/what-is-python.jpg,Pythonとは？大人気プログラミング言語のメリットや活用事例をご紹介
プログラミング_53,https://prtimes.jp/main/html/rd/p/000000003.000047683.html,https://msp.c.yimg.jp/images/v2/FUTi93tXq405grZVGgDqG55TuUok74aGR5j448WXX6Q1uEwMmj7_MogkLoiawOHDTfd5a5OW3l617GCvHlQIJJrZJOcaIkZilUOrf4hY_l9GlcjzNqDDszuzqmqTJRGgPcdndOd4usqrP_guJ19ieZnHK5955_nku1sfs4DcuaFcASlf5dnQRQXu2ThzEa3dMvhTWCnDNTZwqWt7u8BWk7Do0U-BtiRav_uusbPUVWyqqIYO6Rlp2a2l68rDps0sSNVs_0u3PMFkP9Kwc0DrfQ==/d47683-3-114109-0.png,プログラミング学習者の約9割が挫折を経験 挫折時に「気軽に聞ける環境 ...
プログラミング_54,https://awesome-ars-academia.net/student-programming-language/,https://msp.c.yimg.jp/images/v2/FUTi93tXq405grZVGgDqG-3iix5AMRgSGxibbfMrze56QQXbtBmo6UIaXHsPRpaP9RxveRTCQBWTnue0EbUy-KLu2a56Scgu2g1KhD5Y8KiTGVFGc9tdAuyYhFROrwMFbjgnwJv1tTuirxr8ydpm_ezPMJtkQ1PNr5iBTdT7-EWFbFqaVzd9RVCmD05WOvPtFDHRXu1-6NOyi5Cqr4mD4hpO2daJUW8yZ49BGN7xxmNs2QWgb9dOatPBgDXKE8l7BjGnnUyNTmjNk0FqiQsFZoSSZg9ZkwqGjG63DSALHWvituFMlD4DgsBq5aMlWMWhg2TUWon14TQrPwboFlQOaA==/student-programming-language.png,中学生向け】おすすめのプログラミング言語５選！ | Awesome Ars Academia
プログラミング_55,https://www.recurrent.jp/categories/programming,https://msp.c.yimg.jp/images/v2/FUTi93tXq405grZVGgDqG34dlW6piDyQN5E_TJKGO3TfxgcicRvnApUJkBRtplg3kMRo9NNEiZNzhB87Zo7E3tZ6GYUfl0DJIlpbzSHwEiSXkfaxp-8oYKVK6JvqrEo19tuqM85HOVhR5rG6X9oNMwnI3oGNM5W2A73SVqgvlSwbAqAPRwdRtKDQFU6G9dnpC5B7YXIB63diy4EXPjFnHIbSDJDVgoulJVISamY78Iwum-4XZ1NewTHmicNX9DlUCynL0HIJTt9xkcqD9SnZ_X2dkomoooJis6f3AcV_IrHoe9Q-y15aD_a51MKV2U4iLAHD5JCjpiUOTODuec_HAUqziG--IQu9-QD00MHIee-5yBl7y-V295AXd9OmbSTfCHT4POPSzuaXzIUQYTX30pM0eRHTCBH9qsev78i-4ZVnVRGNO24cU5T7HRIMAI86LyPZbiAh7PhYJYoGc1v19_QhYGONCyzlx5DFSvxqeTk=/E38397E383ADE382B0E383A9E3839FE383B3E382B0E7A094E4BFAE.png,プログラミング研修 | 定着する社員研修ならリカレント
プログラミング_56,https://hnavi.co.jp/knowledge/blog/software-language-type/,https://msp.c.yimg.jp/images/v2/FUTi93tXq405grZVGgDqGzJJHYOThpdAagZM5yK2F2l122ucsGpRMMXHaqnPy2bQr8VRbaGZTNm4k2gmmuKdnt9eOf4I1YLAu9wK3VhCpdaerpM8L0BnSHfk4_spVQwP7M8wm2RDU82vmIFN1Pv4RYVsWppXN31FUKYPTlY68-0UMdFe7X7o07KLkKqviYPiGk7Z1olRbzJnj0EY3vHGY9Fv3K86_z3_9VKGxq7wrmCU6YdMq-q_wJK4lODC-ooyUl44TZpXuoXeR4D-z3QyhL9cl64Bc9DR9KB_dPOc_0uDZNRaifXhNCs_BugWVA5o/Software-language-640x427.jpg,ソフトウェア開発のプログラミング言語の種類や特徴を解説｜発注成功の ...
プログラミング_57,https://diamond.jp/articles/-/235197,https://msp.c.yimg.jp/images/v2/FUTi93tXq405grZVGgDqG1YfHDoq6bKpfOed4CmrTfIuP0MIL2eao3y4kldmjDFnEn5yvoYRAVlt-6FWfQ-xJgyud4zjoM-6ZR1yFc27p7zzMTAPHCV6lvz40-EhCeD71HLBk-0cEc2LMaWdb6jv7owQUr2uPRjssvIKp0lzNh5caPRnczZZkhb6Ym94bf9_VgYWEfpGpML-rV4VGTkkjS-v_qv4_yJesJY1YGK-6K3n1oxl1mGuWgbVH355K70H4jW60m90fWOS83_tpTJUHWq2lmSkA_WXfc1jR5s5Ra4MkJYzaByhFztvrePq2fx6/img_50d647bacf1477b6d3d75787cf1e8df4114065.jpg,初心者に贈る「プログラミングの始め方」、理解よりまず実践！ | 今 ...
プログラミング_58,https://haa.athuman.com/media/it/programming/2120/,https://msp.c.yimg.jp/images/v2/FUTi93tXq405grZVGgDqGx70uVh6JrKTLc2lrUMLjHUdv8gk3zdTRMLrYz1PLd-SD_nsWftuFF_fAP17pbTI2CSMT9O_x1fkvkkkDK1XbdgDn1SPPVXjlj0Sso9qtZpxZFmc5lQKDtrTBlIXbjhD-CR_bt6C2u9L1WOoJOgMz_AHkQifaSHIlkNaHfFRKdw1rtvQGdN0sJvM-MC0TacXuA2Ycm_Zx_TOBZLXvYlpOYV-rdmS-JDkd7d-jpzP83NdPu6tgpnSAfGUunb8bdQvHQ2n0EGlAb5OVJLMFjmnsD7v3c2opzHzRXUeDLvE4fhS0R6Cs8kjgz2y-BiGiipMO_WAzgenNmvh6r_uHynO9bI=/6207a994916f78048763031a5b49e3ec.jpg,プログラミング言語とは？特徴や言語の種類について解説 | TECHのススメ
プログラミング_59,https://jp.techcrunch.com/2020/04/14/shakyo-io/,https://msp.c.yimg.jp/images/v2/FUTi93tXq405grZVGgDqG-x3UWkFDroz0UpaunW0rBkaOyuGFongc8Hm7mQ6ljIyuVv03SPQEpgWLg4LRwZmZwvPDA9uOVpJ6ETl6M2mcGPiyzPrHoeNBTQiG3FSC4KuKQv_orZsMDhCLis6wTgPFilFaE31fAl5okDqspzNRHRoTj5b248QHvoPxkP7eKfM7Gtgbm0UbmRUwAclc1WQOBRSNB-tLPcShOMIedBzlUvLTzW5lryUO7B1zLe9ExKGFIvf3Qu_nQM6qQ6DuYrRpkvmd3OlEpmp6mhn-dA2ZsMcWGq5UKrvmM89RnA3qUCc0AHvMAUsWoG8vqJrlg4-bQ==/93246068_1005192263216540_6814993040000679936_n.jpg,タイピングゲーム感覚でプログラミングを“写経”して学べる「SHAKYO.io ...
プログラミング_60,https://www.star-programming-school.com/,https://msp.c.yimg.jp/images/v2/FUTi93tXq405grZVGgDqG5d2pR61pmHBU2QVgUhBQsTq9dEiuDntKNaq3swXEYifmSOSYz8hCVl6kJ0LSjNnB1hnd5fpAgFbC1bxGRYDwdjlIR8GeUMhntkizHLJCgQM-vlQqcpX1m3OPK4-3tuAFXdF0YL0tXZFM7E6dcgzACyAQoZS0yY8OiztkD6wFCZDpp4QeLJJv_8FCsuGuzwPF6DwLtWor8vl9ORLFPI_f3hhNtyttZeOF7guDfMsPJG8z7P7p3gPyPfa7zK1IssSsYwe5qzxUSeZAttVe7RyhGM1mjUQ30rUjSqh1tvaDGXeg2TUWon14TQrPwboFlQOaA==/main-image-sp.jpg,子供/小・中学生のプログラミング教室｜スタープログラミングスクール
